Profissão,"Feminino, Todas as Cores","Masculino, Todas as Cores","Feminino, Cor Branca","Masculino, Cor Branca","Feminino, Cor Parda","Masculino, Cor Parda","Feminino, Cor Preta","Masculino, Cor Preta"
Administradores,2911.47,4554.5,3230.57,4639.16,1851.53,4076.07,,4884.93
Advogados,3979.29,5447.99,4312.45,5740.78,3020.09,4558.01,3649.41,4375.67
Afiadores e polidores de metais,,1320.83,,1386.83,,1345.9,,
Agentes da saúde e do meio ambiente,1168.21,1833.84,1225.87,2436.41,1147.88,1520.73,1093.55,1543.69
Agrônomos e afins,3318.25,5372.7,,5302.38,,5804.07,,
Ajudantes de obras civis,507.47,845.58,844.11,900.7,468.11,814.69,370.44,856.17
Ajustadores mecânicos polivalentes,,1937.73,,,,,,
Alimentadores de linhas de produção,1109.2,1354.86,1129.62,1684.5,1035.73,1041.39,,
Almoxarifes e armazenistas,1175.24,1341.37,1255.47,1490.5,1077.53,1229.57,1074.11,1217.6
Analistas de sistemas,5252.39,4901.41,5822.84,5002.5,3152.73,4379.47,,5478.44
Aparelhadores e emendadores de cabos (exceto cabos elétricos e de telecomunicações),,1862.54,,,,,,
"Aplicadores de revestimentos cerâmicos, pastilhas, pedras e madeiras",,1651.95,,1811.07,,1383.89,,
Apresentadores de espetáculos,,627.37,,,,,,
Arquitetos,3581.24,5132.64,3650.08,5516.76,2920.99,3229.75,,
Arquivologistas e museólogos,4074.87,2775.54,,,,,,
Assistentes sociais e economistas domésticos,2087.1,1716.9,2164.63,2046.38,1888.87,1432.73,2278.74,
Atendentes de creche e acompanhantes de idosos,761.84,950.79,851.75,1029.82,674.48,866.79,788.9,
"Atendentes de enfermagem, parteiras práticas e afins",1397.05,1452.49,1390.69,1465.29,1475.66,1445.09,1125.94,
Atletas profissionais,,3568.65,,2923.01,,,,
"Atores, diretores de espetáculos  e afins",16764.68,3372.1,,3635.52,,,,
Auxiliares de laboratório da saúde,1265.05,,1205.99,,1318.51,,,
Biólogos e afins,3137.15,2818.29,3272.23,2853.4,2760.13,,,
Bombeiros (exceto do corpo de bombeiros militar),,1801.64,,1731.75,,1871.84,,
Cabos e soldados da polícia militar,3207.32,3179.68,3688.9,3167.57,3138.25,3136.02,2804.25,3428.61
Cabos e soldados do corpo de bombeiros,,3240.65,,3738.1,,3153.47,,
Caixas de banco e operadores de câmbio,2275.58,3378.32,2390.71,3215.26,1791.32,3881.89,,
Caixas e bilheteiros (exceto caixas de banco),984.43,1119.28,1021.2,1271.8,934.59,984.11,996.44,1006.02
"Camareiros, roupeiros e afins",1002.16,1144.98,1049.08,,955.79,,1007.25,
Capitães da polícia militar,,9381.43,,,,,,
Carteiros e auxiliares de serviços de correios,1442.73,2210.82,,2430.91,,1987.47,,2173.72
Catadores de sucata,423.69,640.24,440.73,733.81,436.87,613.49,369.51,530.53
Ceramistas (preparação e fabricação),,1316.92,,1518.13,,1202.66,,
Cinegrafistas,,2934.1,,3700.08,,1820.3,,
Cirurgiões-dentistas,4603.92,6161.89,4696.98,6030.62,4075.12,5548.55,,
Cobradores e afins (exceto nos transportes públicos),1153.16,1313.71,1301.32,1740.16,993.02,1078.81,,1056.98
Coletores de apostas e de jogos,882.18,1059.05,917.29,1310.87,813.47,785.74,,
"Compositores, músicos e cantores",,1945.54,,,,,,
Compradores,3108.41,3106.2,3118.38,3295.86,2257.68,2739.53,,
Condutores de veículos de tração animal e de pedais,,382.25,,477.04,,319.47,,
Condutores de veículos sobre rodas (distribuidor de mercadorias),1604.94,1911.99,1599.38,2049.07,,1775.69,,1740.34
Condutores de veículos sobre rodas (transporte coletivo),1771.19,1737.4,,1800.37,,1683.03,,1742.8
Condutores de veículos sobre rodas (transporte particular),1550.63,1596.49,1684.51,1827.46,1231.47,1400.35,,1521.71
Condutores de veículos sobre trilhos,,2457.06,,,,,,
Condutores e operadores polivalentes,,1638.65,,1680.34,,1602.21,,1643.95
"Confeccionadores de artefatos de madeira, móveis de vime e afins",425.78,874.74,,,,,,
Confeccionadores de produtos de papel e papelão,,1837.55,,,,,,
Contadores e auditores,4269.59,5480.64,4611.54,5142.99,3571.43,5345.18,3103.26,5987.68
Contínuos,873.36,999.41,,1019.86,,966.22,,1016.6
"Coronéis, tenentes-coronéis e majores da polícia militar",,11232.36,,,,,,
Corretores de imóveis,4373.66,2752.88,5329.51,2873.04,2366.49,2347.96,,2762.54
Corretores de seguros,2817.21,5044.6,2112.93,5824.05,5311.3,3423.79,,
Corretores de títulos e valores,,4056.57,,,,,,
"Cortadores, polidores, jateadores e gravadores de vidros e afins",,1328.58,,,,,,
Cozinheiros,925.03,1157.75,997.25,1187.34,860.16,1107.2,922.31,1234.72
Decoradores de interiores e cenógrafos,2026.43,2013.75,2345.16,3446.12,1325.59,1179.75,,
Delegados de polícia,,11434.36,,11742.81,,,,
"Desenhistas industriais (designer), escultores, pintores e afins",691.98,1507.46,888.01,1996.57,502.89,964.83,520.97,1073.16
Desenhistas técnicos e modelistas,3369.76,2296.92,4264.73,2449.81,1401.64,2140.46,,1250.56
Despachantes de documentos,3291.13,3140.24,,3543.37,,2293.53,,
Diretores de áreas de apoio,5318.2,7988.83,5940.43,7697.81,,8108.09,,
Diretores de áreas de produção e operações,3552.81,5630.67,3960.19,6756.35,2760.11,3756.32,2929.35,
Diretores gerais,12310.64,18414.62,13254.32,21285.95,,5207.68,,
Dirigentes das áreas de apoio da administração pública,4191.38,4993.61,4344.22,6138.57,3391.98,3397.2,4880.3,2815.41
Dirigentes de empresas - empregadores com mais de 5 empregados,3503.87,5475.45,3587.55,5912.87,3416.77,4432.74,2465.33,6044.61
Dirigentes e administradores de organizações de interesse público,1389.44,3200.63,,3744.78,,,,
Dirigentes gerais da administração pública,,8559.23,,,,,,
Eletricistas-eletrônicos de manutenção industrial,,1434.97,,1519.28,,1396.03,,1177.99
"Eletricistas-eletrônicos de manutenção veicular (aérea, terrestre e naval)",,1635.35,,1727.8,,1544.82,,1668.97
Eletrotécnicos na manutenção de máquinas e equipamentos,,2132.83,,2119.72,,2114.85,,
Encanadores e instaladores de tubulações,,1544.95,,1589.2,,1508.16,,1546.12
Enfermeiros de nível superior e afins,3022.25,3180.15,3010.99,3555.2,3005.18,2787.96,3157,2620.25
Engenheiros agrimensores e de cartografia,,5003.8,,,,,,
Engenheiros civis e afins,6149.81,7969.93,6012.08,8451.65,,6277.4,,5196.23
Engenheiros eletroeletrônicos e afins,,7715.93,,7588.48,,8321.99,,
Engenheiros em computação - desenvolvedores de software,,6637.33,,,,,,
Engenheiros mecânicos,,6408.94,,6306.07,,5273.84,,
Engenheiros químicos,,8092.05,,8489.88,,,,
Entregadores externos (Exceto carteiros),1459.64,1052.06,1506.18,1195.48,1360.24,952.14,,979.75
"Entrevistadores, recenseadores e afins",1562.11,2724.71,1183.57,3568.72,1931.51,1885.94,,
Escritores e redatores,2484.74,4087.91,,4874.82,,,,
Escriturários de apoio a produção,1134.64,1516.29,1183.21,1953.62,1030.29,1269.01,,1347.86
Escriturários de contabilidade,1399.63,1882.85,1462.03,1996.88,1316.26,1634.13,1211.76,2105.54
Escriturários de finanças,1729.83,2373.14,1923.47,2737.97,1164.82,1570.47,,
Escriturários de serviços de biblioteca e documentação,1248.19,1604.83,1515.27,1991.75,844.17,1173.31,,
"Escriturários em geral, agentes, assistentes e auxiliares administrativos",1475.47,1725.73,1567.27,1818.49,1328.69,1620.47,1402.11,1468.26
Especialista em computação,,2242.88,,2818.91,,,,
Estucadores e gesseiros,,1455.87,,1589.31,,1296.36,,1777.11
Extrativistas florestais,106.83,1044.67,126.4,1565.07,112.93,693.78,75,998.36
Farmacêuticos,3358.95,3351.52,3522.89,3603.19,2703.75,2546.45,,
Ferramenteiros e afins,,2625.26,,3026.61,,1913.45,,
"Filólogos, tradutores e intérpretes",2806.65,4045.02,2670.32,,,,,
Fiscais e cobradores dos transportes públicos,1087.1,1152.34,1105.71,1216.24,1100.34,1113.34,1007.49,1129.38
Fisioterapeutas e afins,3157.72,3749.49,3204.91,3939.24,3026.91,3020.24,,
Forneiros metalúrgicos (2ª fusão e reaquecimento),,1595.41,,,,,,
Fotógrafos,1800.03,2235.65,1770.98,2407.78,1977.67,1699.37,,
"Garçons, barmen e copeiros",857.83,1223.18,947.26,1455.98,786.17,1058.86,878.22,996.62
Garimpeiros e operadores de salinas,,1525.79,,1691.21,,1659.5,,1138.92
Geólogos e geofísicos,,8042.35,,,,,,
Gerentes de áreas de apoio,3153.18,4351.81,3398.89,4807.28,2622.38,3399.09,2030.07,2703.73
Gerentes de produção e operações,2966.46,4190.28,3287.11,4619.36,2347.58,3365.27,1911.97,3040.25
Guardas e vigias,1224.6,1220.71,1302.6,1330.88,1131.73,1145.81,1270.38,1210.13
Guias de turismo,1205.17,1733.63,,,,,,
Inspetores de alunos e afins,995.18,1378.25,1081.95,1478.02,947.02,1357.7,841.11,
Inspetores de polícia e detetives,5656.25,5284.46,5295.57,4618.65,,6779.19,,
Inspetores e revisores de produção têxtil,1000.45,,,,,,,
Instaladores de produtos e acessórios,,1571.14,,1728.91,,1398.98,,
Instaladores e mantenedores de sistemas de alarmes de segurança e de incêndio,,1242.14,,1260.51,,1261.88,,
"Instaladores e reparadores de linhas e cabos elétricos, telefônicos e de comunicação de dados",,1635.71,,1885.07,,1386.59,,1357.88
Instaladores-reparadores de aparelhos de telecomunicações,,1449.73,,1769.84,,1125.17,,
Instrutores e professores de escolas livres,1275.56,1762.22,1553.47,2012.44,886.74,1269.24,849.16,1671.83
joalheiros e artesãos de metais preciosos e semipreciosos,1118.19,1658.54,1296.94,1722.79,,1641.06,,
Juizes e desembargadores,,25908.7,,25280.49,,,,
Laboratoristas industriais auxiliares,1186.95,1710.72,,,,,,
Legisladores,,4159.58,,4733.18,,3657.96,,
Leiloeiros e avaliadores,,4258.51,,,,,,
Locutores e comentaristas,2353.26,2304.06,,2756.15,,1913.29,,
Lubrificadores,,1711.21,,,,,,
Magarefes e afins,1077.07,1162.84,1155.94,1143.16,982.16,1187.46,,1139.76
Mantenedores de carroçarias de veículos,,1512.59,,1631.81,,1375.14,,1583.22
"Mantenedores de elevadores, escadas e portas automáticas)",,2159.48,,,,,,
Marceneiros e afins,835.95,1541.29,1000.94,1620.16,885.42,1368.25,,1961.42
Mecânicos de instrumentos de precisão (exceto técnicos),,1544.33,,1059.51,,,,
Mecânicos de manutenção aeronáutica,,3271.74,,2824.85,,,,
"Mecânicos de manutenção de aparelhos térmicos, de climatização e de refrigeração(exceto técnicos)",,1612.81,,2000.11,,1248.43,,1967.17
Mecânicos de manutenção de bicicletas e equipamentos esportivos e de ginástica,,968.74,,1409.43,,681.51,,745.4
"Mecânicos de manutenção de bombas, motores, compressores  e equipamentos de transmissão",,2169.22,,1834.21,,,,
Mecânicos de manutenção de máquinas industriais,1561.95,1972.26,,2195.58,,1760.26,,1773.42
Mecânicos de manutenção de máquinas pesadas e equipamentos agrícolas,,2223.02,,1719.51,,2636.35,,2327.75
Mecânicos de manutenção de veículos automotores,1645.83,1518.23,,1759.71,,1321.65,,1400.3
Mecânicos de manutenção metroferroviária,,2162.78,,,,,,
Médicos,7596,10488.44,7500.88,10329.24,8743.81,10555.28,,
Militares da aeronáutica,4229.29,3444.28,4082.65,3755.08,,3208.52,,3146.86
Militares da marinha,3542.57,3995.59,,5079.99,,3248.29,,2386.73
Militares do exército,4678.85,2668.53,,2851.73,,2384.61,,3078.44
Mineiros e afins,,1146.72,,1271.47,,1103.66,,
"Ministros de cultos religiosos, missionários e afins",635.14,2024.75,597.97,2327.75,724.69,1744.79,,2011.98
Moleiros,123.16,463.89,129.07,799.18,108.72,384.19,180.55,333.81
Montadores de aparelhos e acessórios mecânicos em linhas de montagem,,1571.38,,1471.96,,1634.37,,
Montadores de equipamentos eletro-eletrônicos,1119.55,1626.58,1115.44,1938.39,1076.1,1307.88,,1854.94
Montadores de máquinas industriais,,1708.03,,1753.89,,1641.26,,
Montadores de móveis e artefatos de madeira,,1204.04,,1255.53,,1178.3,,1108.72
Montadores de veículos automotores (linha de montagem),,2081.81,,2213.02,,1928.43,,
Mordomos e governantas,1752.02,,1848.99,,,,,
Músicos e cantores populares,1544.64,1681.62,,1547.52,,1693.23,,2023.35
Nutricionistas,2724.5,,2810.6,,2821.64,,1719.53,
Operadores da preparação da tecelagem,983.59,1472.55,,,,,,
"Operadores de  máquinas e instalações de produtos farmacêuticos, cosméticos e afins",1202.4,1156,927.99,1200.34,1429.03,1042.44,,
Operadores de acabamento de chapas e metais,,1475.07,,1757.25,,1235.11,,
Operadores de destilação e reação,,1647.33,,,,,,
Operadores de equipamentos de elevação,,2011.29,,1922.75,,2217.38,,1754.86
Operadores de equipamentos de movimentação de cargas,,1503.77,,1550.83,,1466.17,,1421.99
Operadores de equipamentos médicos e odontológicos,1837.43,2136.44,1972.64,2395.65,1591.28,1780.95,,
Operadores de fornos de 1ª fusão e aciaria,,1409.39,,,,1257.79,,
Operadores de instalações de captação e distribuição de águas,,1488.26,,1478.94,,1488.04,,
Operadores de instalações de captação e tratamento de esgotos,,1316.08,,,,,,
"Operadores de instalações de distribuição de energia térmica, elétrica e nuclear",,5961.77,,,,,,
Operadores de instalações de refrigeração e ar condicionado,,1201.3,,,,1129.6,,
"Operadores de instalações e equipamentos de fabricação de  cerâmicas, vidros e porcelanas",,1547.01,,1832.14,,1417.58,,
Operadores de instalações e equipamentos de fabricação de materiais de construção,,1815.84,,,,2177.23,,
"Operadores de instalações e máquinas de produtos plásticos, de borracha e parafinas",1131.23,1505.93,1195.73,1618.7,1009.41,1440.85,1162.42,1186.98
Operadores de laminação,,1625.03,,,,,,
Operadores de máquina na extração de minerais sólidos,,2040.5,,1719.4,,2411.78,,
Operadores de máquinas a vapor e caldeiras,,1799.94,,2040.8,,1474,,
Operadores de máquinas de costura de roupas,891.16,1010.87,982.74,1072.91,794.97,874.78,791.72,1155.7
Operadores de máquinas de costurar calçados,920.25,1200.36,1022.51,1237.95,760.35,,,
Operadores de máquinas de costuras - acabamento de roupas,666.28,1107.18,731.46,1133.39,589.15,,654.26,
Operadores de máquinas de desdobramento de madeiras,,1242.92,,1335.76,,1232.86,,957.89
Operadores de máquinas de escritório,1243.29,1831.47,1310.66,2701.61,1056.41,1249.63,,
Operadores de máquinas de fabricar papel e papelão,1102.41,1421.02,,1438.71,,1403.9,,
Operadores de moagem e mistura de materiais (tratamentos químicos e afins),,1298.47,,1522.71,,1071.52,,
Operadores de outras instalações industriais  outros trabalhadores elementares industriais,1077.96,1184.08,1100.43,1249.78,1009.86,1117.65,,1069.35
Operadores de processo termoquímicos e afins,,1694.43,,,,,,
Operadores de tear e máquinas similares,648.14,1589.81,1011.78,1285.6,270.02,2231.78,,
Operadores de telemarketing,965.68,1038.24,987.33,1142.63,964.96,973.53,878.93,886.95
Operadores de usinagem convencional (produção em série),1460.98,1596.37,,1599.1,,1602.22,,
"Operadores polivalentes de instalações químicas, petroquímicas, e afins",,3288.74,,,,,,
Outras ocupações ou ocupações mal definidas,,2276.42,,,,,,
"Outros engenheiros, arquitetos e afins",1807.32,2607.67,2168.74,2998.48,,1714.33,,
Outros trabalhadores dos serviços,884.46,958.24,941.87,1112.81,846.85,876.81,885.47,840.76
"Padeiros, confeiteiros e afins e operadores na fabricação de pães, massas e doces",848.01,1189.86,965.31,1433.82,739.27,978.8,660.34,1011.54
Pescadores e caçadores,287.73,485.63,460.41,651.76,199.87,435.73,438.36,481.92
"Pilotos de aviação comercial, navegadores, mecânicos de vôo e afins",,9521.81,,,,,,
Pintores de obras e revestidores de interiores (revestimentos flexíveis),1227.79,1352.93,,1419.85,,1295.89,,1339.63
Policiais e guardas de trânsito,3194.75,2766.19,3572.68,3160.81,2655.2,2526.1,,2240.28
Praças especiais de polícia militar,,2841.21,,,,2835.67,,
Preparadores e operadores de máquinas - ferramenta convencional,1321.55,1795.49,,1772.52,,1796.88,,1908.67
Preparadores e operadores de usinagem de madeiras convencional,903.42,1254.71,,1556.63,,879.14,,
Procuradores de empresas e autarquias,9801.39,15265.51,,16744.15,,,,
Produtores agrícolas,794.54,1077.92,1532.46,1814.73,351.95,591.98,227.39,479.49
Produtores de espetáculos,,3633.5,,4135.41,,,,
Produtores na agropecuária em geral,488.26,1288.48,1090.59,1969.53,143.85,592.17,,284.95
Produtores na pecuária,1260.18,1782.06,2168.1,2426.34,386.09,1131.79,167.94,751.69
Professores (com formação de nível médio) na educação infantil,1115,,1175.33,,1045.08,,1131.8,
Professores (com formação de nível médio) no ensino fundamental,1325.74,1346.36,1518.25,,1147.27,1344.58,1234.34,
Professores (com formação de nível médio) no ensino profissionalizante,1569.37,1568.75,,,,,,
Professores (com formação superior) da educação infantil,1736.41,1889.56,1908.5,1792.8,1489.23,,1449.35,
Professores (com formação superior) de disciplinas da educação geral de 1ª A 4ª séries do ensino fundamental,2045.09,2378.59,2176.36,2460.13,1937.29,1904.1,1738.53,1949.26
Professores (com formação superior) de disciplinas da educação geral de 5ª a 8ª séries do ensino fundamental,2294.89,2205.57,2405.91,2204.74,2110.06,2286.4,2191.93,
Professores (com formação superior) de disciplinas da educação geral do ensino médio,2685.6,2902.86,2751.73,3015.31,2507.42,2886.62,2802.03,2189.33
Professores de alunos com deficiências físicas e mentais,2137.94,1609.74,2099.18,,2287.06,,,
"Professores de educação física, ginástica e desportos",1934.42,2076.27,2083.52,2308.46,1625.33,1900.72,1615.96,1421.4
Professores do ensino superior,5792.49,6943.7,5752.15,7379.88,6120.29,6167.16,5765.12,5666.98
Professores e instrutores (com formação superior) do ensino profissional,2780.08,3186.8,2588.18,3164.87,3815.05,3042.59,,
Professores leigos na educação infantil  e no ensino fundamental,1206.69,1140.47,1545.56,,851.25,,,
Profissionais da informação,2531.46,4327.62,2523.81,,2794.13,,,
"Profissionais de marketing, publicidade e comercialização",2835.97,3986.68,2896.67,4543.26,2120.61,2831.88,,
Profissionais de recursos humanos,3099,3969.09,3592.86,3771.35,2252.19,2599.81,,
Profissionais do jornalismo,3496,4386.61,3719.26,4854.06,1537.25,2912.03,,
Profissionais em pesquisa e análise econômica,4330.26,6306.86,4795.04,6341.09,3307.49,5584.21,,
Programadores de informática,2946.43,3203.9,3230.85,3518.5,,,,
"Programadores, avaliadores e orientadores de ensino",2525.5,2560.07,2924.36,2836.2,1935.06,1988.2,2255.38,
"Promotores, defensores públicos e afins",,21217.26,,,,,,
Psicólogos e psicanalistas,3410.37,6255.22,3522.03,5140.04,2509.2,,,
Químicos,3630.32,4065.55,3404.92,4477.8,,,,
Recepcionistas,1062.92,1262.43,1096.55,1204.09,1031.61,1376.75,986.93,1122.9
Reparadores de aparelhos eletrodomésticos,,1267.6,,1435.62,,1144.52,,
Repositores e remarcadores do comércio,892.32,948.39,933.61,1000.58,838.63,910.85,928.05,906.44
Representantes comerciais e técnicos de vendas,1726.93,2886.02,2077.13,3253.32,1242.58,2336.8,1115.66,2196.26
Secretárias executivas e bilingües,3170.3,,3532.45,,2627.89,,2134.47,
Secretários de expediente e estenógrafos,1385.92,2111.61,1518.31,1997.71,1162.03,2428.4,1124.64,1755.76
Serventuários da justiça e afins,5633,6536.58,5929.86,6647.18,5203.48,6526.37,,
Subtenentes e sargentos da polícia militar,4120.37,4680.4,,4832.85,,4575.98,,4609.66
Subtenentes e sargentos do corpo de bombeiros,,4624.4,,4654.13,,4889.95,,
Supervisores da construção civil,3602.83,2654.09,,3039.38,,2431.35,,1955.1
"Supervisores da fabricação de alimentos, bebidas e fumo",,1619.69,,,,,,
"Supervisores da indústria da madeira, mobiliário e da carpintaria veicular",,1655.93,,,,,,
"Supervisores da indústria de produtos farmacêuticos, cosméticos e afins",3273.67,,,,,,,
"Supervisores da reparação e manutenção de máquinas e equipamentos industriais, comerciais e  residenciais",,3155.59,,,,,,
Supervisores de manutenção eletromecânica,,4676.11,,,,4390.98,,
Supervisores de montagem metalmecânica,,3294.27,,3829.61,,2866.61,,
Supervisores de serviços administrativos (exceto contabilidade e controle),2515.62,2893.72,2701.51,2875.94,2340.43,2636.8,2107.11,2763.62
"Supervisores de serviços contábeis, financeiros e de controle",1956.37,2322.16,1976.86,2571.92,1875.19,1733.59,2054.26,2842.41
Supervisores de trabalhadores de atendimento ao público,1995.09,2635.07,,,,,,
"Supervisores de usinagem, conformação e tratamento de metais",1408.83,2312.9,,2588.64,,2029.94,,
Supervisores de vendas e de prestação de serviços do comércio,1883.16,2291.26,1937.71,2625.94,1981.9,1890.12,,
"Supervisores dos serviços de proteção, segurança e outros serviços",,1998.25,,,,,,
"Supervisores dos serviços de transporte, turismo, hotelaria e administração de edifícios",1608.91,2913.78,1723.11,3200.93,1420.38,2656.81,,
Supervisores na agropecuária,,2094.18,,2608.65,,1734.48,,
Técnicos agrícolas,,2585.45,,2803.29,,2222.83,,
Técnicos agropecuários,,2404.72,,,,2416.08,,
Técnicos de controle da produção,1437.72,2255.04,1474.09,2458.25,1389.28,1853.5,,
Técnicos de laboratório de análises clínicas,1490.74,1937.93,1337.99,1764.99,1697.71,2000.11,,
Técnicos de odontologia,1440.09,2396.68,1404.22,2307.76,1464.88,2788.39,,
Técnicos de planejamento de produção,1326.87,2156.54,1487.29,2645.95,1152.99,1668.33,,1196.04
Técnicos de segurança de trabalho,1849.79,2405.4,2113.2,2800.56,1676.43,2050.29,,2133.23
Técnicos e analistas de seguros e afins,2703.04,4600.4,2833.75,5000.38,,,,
Técnicos e auxiliares de enfermagem,1589.02,1910.97,1681.36,2045.26,1512.07,1798.99,1479.44,1768.94
Técnicos e fiscais de tributação e arrecadação,6442.48,5983.88,5810.37,6577.26,,5329.01,,
Técnicos em administração,3567.47,3169.91,3837.24,3506.4,2558.77,2910.44,3860.71,2371.53
Técnicos em artes gráficas,2154.22,2347.07,1741.66,2764.33,,1757.39,,
Técnicos em construção civil - edificações,2203.1,2790.58,,3113.87,2064.13,2502.97,,
Técnicos em construção civil - obras de infra-estrutura,,2282.79,,,,,,
Técnicos em contabilidade,2547.79,3707.76,2971.63,4002.06,1745.26,3155.99,,
"Técnicos em controle ambiental, utilidades e tratamento de efluentes",3146.97,2827.54,3596.31,3679.57,,1999.69,,
Técnicos em eletricidade e eletrotécnicos,,2198.63,,2401.51,,2026,,1939.52
Técnicos em eletromecânica,,1542.39,,,,,,
Técnicos em eletrônica,1935.57,1868.96,,2124.43,,1556.62,,1765.26
Técnicos em farmácia,3258.29,2220.91,3980.07,,2139.22,,,
Técnicos em fisioterapia e afins,2016.33,1347.2,2357.12,1397.31,1373.42,,,
Técnicos em mecânica veicular,,2424.94,,,,,,
Técnicos em metalurgia (estruturas metálicas),,1707.1,,1594.41,,1908.63,,
Técnicos em mineração,,4214.41,,,,,,
Técnicos em operação de aparelhos de sonorização,,1899.29,,2110.49,,1259.2,,
Técnicos em operação de computadores,1366.16,1542.9,,1507.53,,1688.69,,
Técnicos em programação,3160.65,2595.15,2992.64,2900.32,,1827.07,,1826.63
Técnicos em telecomunicações e telefonia,1746.07,2052.66,1990.06,2191.29,,1971.01,,1649.98
"Técnicos em topografia, agrimensura e hidrografia",,2096.99,,2323.79,,1900.07,,
Técnicos em transportes aeroviários,,3179.61,,,,,,
Técnicos em transportes rodoviários,,1777.6,,2008.38,,1632.73,,
Técnicos em turismo,2003.68,2454.16,2184.38,2639.04,1740.11,2270.36,1379.05,2114.49
Técnicos em veterinária,1216.27,1570.47,1301.42,1708.65,1145.18,,,
Técnicos esportivos,1590.96,2353.28,1711.1,3152.12,1181.33,1671.14,,1342.91
"Técnicos marítimos, fluviários e regionais de convés",,2619.05,,,,2896.27,,
"Técnicos marítimos, fluviários e regionais de máquinas",,1401.04,,,,1401.04,,
"Técnicos mecânicos na fabricação e montagem de máquinas, sistemas e instrumentos",,1920.68,,2273.03,,1666.81,,1603.68
"Técnicos mecânicos na manutenção de máquinas, sistemas e instrumentos",,2684.33,,2691.01,,2635.36,,
Técnicos químicos,2249.34,2574.35,2355.19,2787.33,1685.5,1767.27,,
Telefonistas,1162.49,1171.55,1282.42,1110.93,1020.44,,965.7,
Telhadores (revestimentos rígidos),,1655.5,,1735.89,,,,
Tenentes da polícia militar,,5130.64,,5822.11,,4521.34,,
Tenentes do corpo de bombeiros,,6164.65,,,,,,
"Tintureiros, lavadeiros e afins, à máquina e à mão",917.25,1277.45,1233.97,1127.89,737.01,1246.32,787.93,
Trabalhadores agrícolas,121.07,434.81,111.68,510.48,117.23,404.2,182.23,455.35
Trabalhadores artesanais da confecção de calçados e artefatos de couros e peles,,1153.03,,1365.64,,866.42,,
Trabalhadores artesanais da confecção de roupas,540.77,,621.67,,504.36,,,
Trabalhadores artesanais da tecelagem,297.53,,335.87,,216.71,,,
Trabalhadores artesanais de materiais de construção,,876.63,,943.56,,837.11,,
Trabalhadores auxiliares dos serviços funerários,,1045.57,,,,928.11,,
Trabalhadores da extração de minerais líquidos e gasosos,,3357.68,,5394.4,,1772.49,,
Trabalhadores da fabricação e instalação de artefatos de tecidos e couros,1073.21,1179.7,1237.54,1233.19,863.69,1147.31,,1107.54
Trabalhadores da fabricação e refino de açúcar,,1714.53,,2075.49,,1321.36,,
Trabalhadores da impressão gráfica,808.62,1648.15,,1746.51,,1512.51,,
Trabalhadores da irrigação e drenagem,,1382.83,,,,,,
Trabalhadores da mecanização agropecuária,,1463.25,,1615.83,,1383.23,,1300
"Trabalhadores da pasteurização do leite, fabricação de laticínios e afins ( inclusive artesanais)",704.92,1258.89,787.03,1401.77,627.91,1117.34,,
"Trabalhadores da pintura de equipamentos, veículos, estruturas metálicas e de compósitos",1154.13,1653.08,,1844.36,,1520.37,,1346.54
Trabalhadores da pré-impressão gráfica,1134.42,1896.32,,2283.81,,1444,,
Trabalhadores da preparação da confecção de calçados,934.65,1124.36,988.44,1228.23,893,992.87,,
Trabalhadores da preparação da confecção de roupas,812.9,1176.63,953.98,,731.99,1209.85,423.46,
"Trabalhadores de acabamento, tingimento e estamparia das indústrias têxteis",930.52,1247.88,926.19,1611.24,,944.57,,
Trabalhadores de beneficiamento de minérios,,971.7,,,,,,
Trabalhadores de beneficiamento de pedras,,1514.43,,1505.53,,1574.5,,1371.26
Trabalhadores de caldeiraria e serralheria,858.41,1667.08,886.41,1821.18,888.39,1547.22,,1524.14
Trabalhadores de cargas e descargas de mercadorias,904.16,981.47,968.18,1134.83,899.52,913.34,,933.74
Trabalhadores de embalagem e de etiquetagem,988.47,1037.76,1023.93,1110.11,949.51,990.62,940.88,951.06
Trabalhadores de estruturas de alvenaria,3520.01,1401.65,,1503.19,,1351.57,,1319.9
Trabalhadores de estruturas de concreto armado,,1301.13,,1536.21,,1291.61,,1065.12
Trabalhadores de fabricação e conservação de alimentos ( inclusive artesanais),733.77,1326.08,819.16,1521.97,653.26,1141.05,713.13,1369.05
Trabalhadores de forjamento de metais,,1479.31,,1425.67,,1508.55,,
Trabalhadores de fundição de metais e de compósitos,,1163.36,,1393.11,,820.51,,
Trabalhadores de instalações de materiais isolantes,,1567.29,,,,,,
Trabalhadores de instalações elétricas,,1629.12,,1854.1,,1505.86,,1305.08
Trabalhadores de laboratório fotográfico,,2016.7,,,,,,
Trabalhadores de manobras de transporte sobre trilhos,,1186.9,,,,,,
Trabalhadores de moldagem de metais e de compósitos,,1475.76,,1525.21,,1437.41,,
"Trabalhadores de montagem de estruturas de madeira, metal e compósitos (obras civis e afins)",,1249.15,,1413.29,,1182.35,,1135.72
Trabalhadores de soldagem e corte de metais e de compósitos,1162.71,1737.19,1198.3,1777.41,,1667.33,,1890.63
Trabalhadores de terraplenagem e fundações,,2133,,2839.11,,1683.68,,1709.86
Trabalhadores de traçagem e montagem de estrutura metálica e de compósitos,,1609.16,,1452.21,,1843.47,,
Trabalhadores de tratamento de superfícies de metais e de compósitos (termoquímicos),,1379.96,,,,,,
Trabalhadores de tratamento térmico de metais e de compósitos,,1751.55,,,,,,
"Trabalhadores de trefilação, estiramento e extrusão de metais e de compósitos",,1714.06,,,,,,
Trabalhadores do acabamento de couros e peles,,1074.24,,,,,,
Trabalhadores do acabamento de madeira e do mobiliário,,1187.04,,,,,,
Trabalhadores do acabamento gráfico,1168.16,1427.28,,1545.79,1107.97,1228.77,,
Trabalhadores dos serviços domésticos em geral,726.38,933.85,805.94,1029.52,672.74,861.54,725.23,906.31
Trabalhadores dos serviços funerários,,1992.33,,1876.89,,,,
Trabalhadores elementares de conservação de vias permanentes,,1532.39,,,,,,
Trabalhadores elementares de serviços de manutenção,,1135.82,,1269.43,,1120.61,,861.75
Trabalhadores na agropecuária em geral,74.68,440.21,56.11,479.05,85.56,413.41,103.13,449.93
Trabalhadores na navegação marítima fluvial e regional,,2231.45,,2154.35,,2302.64,,
Trabalhadores na operação de máquinas de concreto armado,,1420.14,,,,,,
Trabalhadores na pecuária,45.03,590.1,70.82,640.2,34.47,555.15,20.35,629.52
Trabalhadores nos serviços de administração de edifícios,843.88,1184.09,876.33,1229.42,803.12,1157.76,949.67,1135.82
Trabalhadores nos serviços de higiene e embelezamento,1081.84,1500.73,1247.55,1713.4,934.01,1361.23,1002.37,1292.56
Trabalhadores nos serviços de manutenção e conservação de edifícios e logradouros,901.06,1051.36,932.77,1241.23,878.63,964.81,891.14,1002.28
Trabalhadores polivalentes da confecção de calçados,1234.91,1854.42,,,,,,
Trabalhadores polivalentes das indústrias da confecção de roupas,1183.06,1716.72,916.12,1685.36,1594.19,1745.34,,
"Trabalhadores tipográficos, linotipistas e afins",,1734.77,,2143.84,,1429.05,,1506.89
"Ttrabalhadores da fabricação de cachaça, cerveja, vinhos e outras bebidas",1039.66,1618.49,,1807.06,,1402.75,,
Vendedores à domicílio,688.59,1876.28,889.36,2361.9,564.98,1292.05,421.73,1114.33
Vendedores ambulantes,745.81,1118.63,831.23,1315.49,680.7,979.28,814.43,1067.66
Vendedores e demonstradores em lojas ou mercados,1024.72,1476.84,1166.48,1711.91,878.71,1264.08,958.23,1307.02
Vendedores em quiosques e barracas,897.08,1363.86,1222.43,1595.7,730.98,1059.35,,1733.69
Veterinários,3501.78,4679.58,3701.18,4715.02,,4997.93,,
Vidraceiros (revestimentos rígidos),,1290.71,,1496.9,,1197.12,,
Vigilantes e guardas de segurança,1930.7,1763.12,1997.27,1888.56,1691.57,1672.68,2237.23,1726.16
